"PROBEID","SYMBOL","GENENAME","young_trf2","young_old","old_trf2","AveExpr","F","P.Value","adj.P.Val"
"16659138","RNU5E-1","RNA, U5E small nuclear 1",0.707731688360905,-1.31451810905773,2.02224979741863,10.6295452818852,15.5509053996125,0.00067231593961096,0.00852188267946119
"16660360","CDA","cytidine deaminase",-0.0367306276407913,-1.58678190790802,1.55005128026723,8.86336705856703,89.5724177743753,1.98734762415639e-07,1.90942613180641e-05
"16668079","GPSM2","G protein signaling modulator 2",1.04626469624551,-1.10227396235619,2.1485386586017,9.13154517997728,157.393920219317,1.09758903023248e-08,2.39225329406401e-06
"16668397","GSTM5","glutathione S-transferase mu 5",0.882321112216239,-1.93481257612634,2.81713368834258,8.69247545256535,116.983311483056,5.08625947575942e-08,6.90404998257703e-06
"16673713","FMO2","flavin containing dimethylaniline monoxygenase 2",0.635486720690712,-1.05665124508606,1.69213796577678,6.11841810148077,39.4707533958667,1.11872435344311e-05,0.00038524498175054
"16676965","CAMK1G","calcium/calmodulin dependent protein kinase IG",0.137270119923954,-2.06271540635375,2.19998552627771,7.76059033827226,201.288722856898,3.04275364970625e-09,8.91493565225684e-07
"16676988","HSD11B1","hydroxysteroid 11-beta dehydrogenase 1",0.546825619664248,-1.49882072500166,2.04564634466591,7.60511929015221,118.930029030679,4.67264863286007e-08,6.44044734570845e-06
"16677451","KCNK2","potassium two pore domain channel subfamily K member 2",0.123829048895949,-1.43468892063711,1.55851796953306,8.57421006009177,86.0269650510264,2.43827477282954e-07,2.18617020894317e-05
"16682333","MFAP2","microfibril associated protein 2",0.817981188797752,-2.23157217458257,3.04955336338032,8.80339448479702,356.828337930221,1.49231170115873e-10,9.51390193578442e-08
"16684429","FABP3","fatty acid binding protein 3",1.6649111875187,-1.79658578771873,3.46149697523743,9.3312687955682,655.38178972472,5.9014094106541e-12,1.26566347348416e-08
"16686273","RNU5D-1","RNA, U5D small nuclear 1",0.416141707445044,-1.46402683813386,1.8801685455789,4.78642470442916,29.7916314722906,4.13155024626251e-05,0.00105778270146662
"16686910","BEND5","BEN domain containing 5",0.545959051611634,-1.03653498098028,1.58249403259192,6.37775518938724,41.3274159299381,8.99608097783113e-06,0.000326569311975878
"16688332","DIRAS3","DIRAS family GTPase 3",0.36850655792774,-1.7948167815616,2.16332333948934,7.81975958325485,213.379258098236,2.24175352708516e-09,7.25939401125413e-07
"16688799","ADGRL4","adhesion G protein-coupled receptor L4",-0.493259343367733,-2.80038810571319,2.30712876234546,9.92129259326726,676.104403232893,4.99912850485001e-12,1.2183557865661e-08
"16690019","PLPPR5","phospholipid phosphatase related 5",1.19058377489833,-2.86193374756433,4.05251752246266,7.29193276193865,294.517709594526,4.11525214069877e-10,1.91867368719866e-07
"16692555","RNVU1-15","RNA, variant U1 small nuclear 15",0.366874251283883,-1.21671644704301,1.5835906983269,7.49751087275106,52.4895211161798,2.84401253190861e-06,0.000136028028477559
"16692557","LOC105373467","uncharacterized LOC105373467",0.229474139614683,-1.21672695259711,1.4462010922118,7.23385304729391,43.3478158754981,7.16505106235376e-06,0.000272459959439873
"16694701","CRABP2","cellular retinoic acid binding protein 2",0.882377161839917,-2.76366943675618,3.6460465985961,9.0247004298098,438.102817789035,5.02856257959771e-11,5.08710263830736e-08
"16698234","FMOD","fibromodulin",0.665534768765843,-2.08955039586306,2.7550851646289,9.7344510290412,394.294992925762,8.79339766060668e-11,7.11590132922555e-08
"16711909","FRMD4A","FERM domain containing 4A",0.129257283321484,-1.11970104460291,1.2489583279244,9.40840903962566,213.27447241571,2.24753232345746e-09,7.25939401125413e-07
"16712576","PRTFDC1","phosphoribosyl transferase domain containing 1",0.443661615770736,-2.28399732072167,2.72765893649241,10.1266514305911,475.737742488365,3.24611932498724e-11,3.95561772381457e-08
"16713187","NRP1","neuropilin 1",0.389543604810465,-1.23018971397672,1.61973331878719,11.4731182800698,211.111822919218,2.37084026859081e-09,7.43376272988501e-07
"16713530","CXCL12","C-X-C motif chemokine ligand 12",0.615868361071005,-1.00015577784909,1.6160241389201,9.15883944804057,98.4012235487656,1.23249039911481e-07,1.35692890614659e-05
"16714880","DNAJC12","DnaJ heat shock protein family (Hsp40) member C12",0.51497614789432,-1.58746966635645,2.10244581425077,7.83190021565426,99.1180890346474,1.18773300875121e-07,1.31304496350956e-05
"16717272","LOXL4","lysyl oxidase like 4",1.28610386527124,-1.14446822078249,2.43057208605373,9.92974330310542,516.860761682822,2.08915098965994e-11,3.06586706810082e-08
"16722299","PDE3B","phosphodiesterase 3B",1.16747797581369,-1.87319479811151,3.0406727739252,7.48913062017031,760.805262433774,2.66386352511934e-12,8.40166886037197e-09
"16724346","MDK","midkine",0.881522712415544,-1.43927115440437,2.32079386681991,11.7509962431183,364.674132143547,1.32999723081768e-10,8.80376068206807e-08
"16724861","SERPING1","serpin family G member 1",0.313580167646883,-1.66375503442902,1.9773352020759,8.76133561891305,141.096596533314,1.93479381334015e-08,3.39145189312265e-06
"16725511","PGA4","pepsinogen A4",0.436941079060876,-1.55768301885701,1.99462409791789,8.66610032563216,118.646180742094,4.7304011238423e-08,6.50333120659108e-06
"16725664","RPLP0P2","ribosomal protein lateral stalk subunit P0 pseudogene 2",-0.1762725842263,-1.8515983170971,1.6753257328708,7.72598505979545,216.759126974383,2.06446873965014e-09,6.79083560820992e-07
"16728141","GAL","galanin and GMAP prepropeptide",0.753053744786728,-1.53683165763212,2.28988540241884,8.6032708362882,296.311022995251,3.98550628326725e-10,1.8744814946486e-07
"16738479","PRG2","proteoglycan 2, pro eosinophil major basic protein",0.158032017084185,-1.25869428504563,1.41672630212982,9.60044887860644,94.1777322319068,1.54079147284439e-07,1.60101969766468e-05
"16739479","LRRN4CL","LRRN4 C-terminal like",0.671604592817332,-1.16804163854089,1.83964623135822,8.47086089318405,92.5537860133155,1.68315727638608e-07,1.70597058011328e-05
"16742692","TENM4","teneurin transmembrane protein 4",0.527919559687319,-1.52333525198926,2.05125481167658,9.13364182399398,192.925726418169,3.79894940779619e-09,1.04993953813303e-06
"16743848","CASP4LP","caspase 4 like, pseudogene",0.503345215533152,-1.76655391721049,2.26989913274364,6.95739321616973,165.202871381118,8.53269821753438e-09,1.94679863970017e-06
"16743978","GUCY1A2","guanylate cyclase 1 soluble subunit alpha 2",0.246468262281507,-1.14844847201487,1.39491673429638,7.48894509511886,90.9413851253185,1.84021097319548e-07,1.8137241130482e-05
"16744234","LINC02550","long intergenic non-protein coding RNA 2550",0.0261439440805038,-1.19767548986908,1.22381943394958,7.87684579889199,103.605379590658,9.47540034937364e-08,1.1092631889353e-05
"16754808","TMTC2","transmembrane O-mannosyltransferase targeting cadherins 2",0.350266191388616,-1.07141560363757,1.42168179502619,6.96402781514629,224.475548599152,1.71838682319781e-09,6.04031604870897e-07
"16764758","GALNT6","polypeptide N-acetylgalactosaminyltransferase 6",0.141337698783492,-1.06589570787302,1.20723340665652,9.91030327427318,155.816325406678,1.15655923979882e-08,2.45103702609855e-06
"16766822","LRIG3","leucine rich repeats and immunoglobulin like domains 3",0.837928232954551,-1.29196700674607,2.12989523970062,9.46223472337819,386.025898720513,9.83885591877662e-11,7.42999912390205e-08
"16767335","CPM","carboxypeptidase M",0.330232999427768,-1.15937787294315,1.48961087237091,8.39059975331729,139.246582111381,2.07155783323306e-08,3.56191973282081e-06
"16768105","SLC6A15","solute carrier family 6 member 15",-0.771265060540845,-2.23900474345583,1.46773968291498,7.53090340996441,256.584546851259,8.51096263855728e-10,3.53745956427539e-07
"16768923","SLC9A7P1","solute carrier family 9 member 7 pseudogene 1",-0.144628673102508,-1.20996572316241,1.0653370500599,7.9794865075592,33.7946258513621,2.31490222498977e-05,0.000676392984181345
"16776160","ITGBL1","integrin subunit beta like 1",-0.20704364234181,-2.08413412466126,1.87709048231945,9.66651810647897,881.439834287068,1.21422418952546e-12,5.1326989960657e-09
"16778061","MAB21L1","mab-21 like 1",-0.046282326828913,-1.10008878525065,1.05380645842174,6.94858807969557,55.8298004158248,2.10360728352683e-06,0.000109080378840288
"16779435","THSD1","thrombospondin type 1 domain containing 1",0.168086678657893,-1.07250201974303,1.24058869840092,8.72705024633326,122.038044255468,4.09197649953854e-08,5.83415275867164e-06
"16785127","RHOJ","ras homolog family member J",0.261277845403498,-1.03110324338559,1.29238108878909,10.5979852136789,95.4914016636047,1.43599042657059e-07,1.51860944184291e-05
"16788691","SNORD114-25","small nucleolar RNA, C/D box 114-25",0.368757352700525,-1.13645428493439,1.50521163763491,10.4155469192281,8.04007442754592,0.0073317971767626,0.0490283074615216
"16792300","LOC105370469","uncharacterized LOC105370469",0.118143155612506,-3.18696280903413,3.30510596464664,8.44242787497236,391.212124056273,9.16698853230721e-11,7.22803564906935e-08
"16802605","LRRC49","leucine rich repeat containing 49",0.600457446672558,-1.20809220584491,1.80854965251747,7.85018242456868,182.028121506034,5.14712355405692e-09,1.31415868379938e-06
"16803562","CHRNA5","cholinergic receptor nicotinic alpha 5 subunit",-0.0363543822925045,-1.11042486793675,1.07407048564425,7.68996335130926,31.693193326702,3.11327348532422e-05,0.00085561351828941
"16808401","FRMD5","FERM domain containing 5",0.263806208081466,-2.06215781833737,2.32596402641884,8.92550670217653,605.391493841005,9.00619167334673e-12,1.78846288499938e-08
"16810341","CA12","carbonic anhydrase 12",0.089539374727579,-1.01891000586446,1.10844938059204,9.04880384787478,103.302386246764,9.61821861412095e-08,1.12318580223663e-05
"16810978","LCTL","lactase like",0.675577509661815,-1.50664023646281,2.18221774612463,7.8655544554686,116.209539291706,5.26262827292081e-08,7.05415850272988e-06
"16815791","ATF7IP2","activating transcription factor 7 interacting protein 2",-0.171960365888618,-1.82727753427819,1.65531716838957,6.99489863206183,70.202189552938,6.77226047118193e-07,4.63739833567512e-05
"16819233","MT1A","metallothionein 1A",0.0501964277331597,-1.69181411149376,1.74201053922692,7.03877896880132,62.5561344594315,1.20126529825731e-06,7.08561512614543e-05
"16821660","FOXC2","forkhead box C2",0.379714747895449,-1.31809579025935,1.6978105381548,9.26921477861478,256.954930600789,8.44659281184742e-10,3.53745956427539e-07
"16823866","SOCS1","suppressor of cytokine signaling 1",1.3532103723943,-1.63980315443157,2.99301352682587,9.87706207302294,882.647322526511,1.20537904417146e-12,5.1326989960657e-09
"16825997","PYCARD","PYD and CARD domain containing",1.10831638340042,-1.21508113580008,2.3233975192005,8.86114316329092,129.577645077961,3.00451626119588e-08,4.64126354137458e-06
"16829570","SERPINF1","serpin family F member 1",2.16365968794876,-2.23979597183341,4.40345565978217,11.9428640949662,1132.10447940134,3.18707258939617e-13,2.8480211837609e-09
"16832005","SNORD3B-1","small nucleolar RNA, C/D box 3B-1",-0.0499163974133445,-1.14060399156768,1.09068759415434,10.0237531373535,80.495668308131,3.41002968242127e-07,2.75770077650651e-05
"16832031","SNORD3B-1","small nucleolar RNA, C/D box 3B-1",-0.0520071420467367,-1.13764048309455,1.08563334104781,10.1946188050588,75.5217175183883,4.69897671999031e-07,3.50410340466927e-05
"16834559","RND2","Rho family GTPase 2",1.1954032601053,-1.48147851402187,2.67688177412717,8.81348826125027,156.748660828962,1.12126729681968e-08,2.41369550820697e-06
"16836753","TBX4","T-box transcription factor 4",0.282758116218998,-2.07470792325046,2.35746603946946,8.63547887048874,155.245147388548,1.17883122341723e-08,2.48840132700635e-06
"16837348","MAP2K6","mitogen-activated protein kinase kinase 6",1.39778772748047,-1.17494080511373,2.5727285325942,7.49538944945388,242.446407147552,1.14670144090333e-09,4.55427341903065e-07
"16842215","SNORD3D","small nucleolar RNA, C/D box 3D",-0.0499163974133445,-1.14060399156768,1.09068759415434,10.0237531373535,80.495668308131,3.41002968242127e-07,2.75770077650651e-05
"16844308","GJD3","gap junction protein delta 3",0.529776745164434,-1.13966051697615,1.66943726214058,7.65089371899981,83.6767427442039,2.80460718374156e-07,2.38311605975707e-05
"16850958","APCDD1","APC down-regulated 1",1.51722423679769,-1.2713883176825,2.78861255448018,9.33414254393163,233.746852553043,1.38944532810929e-09,5.24633029276308e-07
"16851768","DSG2","desmoglein 2",-0.657309052312053,-2.9233243879294,2.26601533561735,8.15641790730227,662.104065907318,5.58900855179317e-12,1.24860779800623e-08
"16853631","EPB41L3","erythrocyte membrane protein band 4.1 like 3",-0.530113731558272,-2.75777724868609,2.22766351712782,9.55706314646794,541.852529341426,1.62511934047223e-11,2.6404249599424e-08
"16853716","LAMA1","laminin subunit alpha 1",-0.164840037548288,-1.49756068351517,1.33272064596688,8.80674330117966,236.481004922751,1.30710430209343e-09,5.07847908444516e-07
"16864181","RCN3","reticulocalbin 3",0.239854618753949,-1.69938397401657,1.93923859277052,10.0455205953706,291.61753205598,4.33584506122537e-10,2.00409486765277e-07
"16871622","COX7A1","cytochrome c oxidase subunit 7A1",-0.165686139495252,-1.63349967027639,1.46781353078114,7.97681095450496,125.496807319728,3.54347579674089e-08,5.24835750811758e-06
"16874012","CA11","carbonic anhydrase 11",1.09205862985799,-1.11596313653176,2.20802176638976,9.79634527442516,145.148522742057,1.67092025327821e-08,3.06814148013759e-06
"16884335","ACOXL","acyl-CoA oxidase like",0.380828217558201,-1.12225260487447,1.50308082243267,7.4617144889556,106.088351675937,8.39510212967206e-08,1.01065633775008e-05
"16884372","MERTK","MER proto-oncogene, tyrosine kinase",0.142411345632994,-1.19290224428953,1.33531358992253,7.66389306153657,158.786578188035,1.04847555327674e-08,2.30393908770652e-06
"16885189","RNU4ATAC","RNA, U4atac small nuclear (U12-dependent splicing)",0.744845561142836,-1.32789397418446,2.07273953532729,8.38612236999322,39.8095229124133,1.07438661958925e-05,0.00037333368361968
"16887167","B3GALT1","beta-1,3-galactosyltransferase 1",0.310239515733948,-1.19920430726912,1.50944382300306,8.06594546784729,94.3301334741152,1.52817876341535e-07,1.59099729627263e-05
"16887171","B3GALT1","beta-1,3-galactosyltransferase 1",0.767315198666322,-1.34863775950724,2.11595295817356,9.01177103434117,139.45408588884,2.05565958053335e-08,3.55542902353087e-06
"16890556","LINC01614","long intergenic non-protein coding RNA 1614",0.223646650920697,-1.49995897578166,1.72360562670236,7.37719660910227,27.9225868574344,5.54067210348802e-05,0.00131974329708004
"16890675","IGFBP2","insulin like growth factor binding protein 2",0.247220828289475,-1.57557243010578,1.82279325839525,9.79577661486839,457.176256499761,4.01030676426652e-11,4.30041235559356e-08
"16891082","CYP27A1","cytochrome P450 family 27 subfamily A member 1",0.816384757666619,-1.89386148011161,2.71024623777823,8.74433686713416,416.791029919594,6.5519536124508e-11,5.95417113286059e-08
"16906175","FRZB","frizzled related protein",2.01427983155843,-1.67711308401326,3.6913929155717,9.62054052288507,246.895376930817,1.0421460286746e-09,4.20125891875533e-07
"16909724","ARL4C","ADP ribosylation factor like GTPase 4C",-0.0703597898614472,-1.50704988975108,1.43669009988963,10.3199096455457,125.694842919473,3.51480244922198e-08,5.23481008110931e-06
"16913441","NNAT","neuronatin",1.53647136886416,-4.65703789307248,6.19350926193664,10.4552741233147,1268.5244452811,1.73409421798664e-13,2.32442324214474e-09
"16914972","DOK5","docking protein 5",-0.669696434977237,-3.86982252407555,3.20012608909831,9.68267325731829,460.014215865197,3.88064357612614e-11,4.30041235559356e-08
"16915740","NTSR1","neurotensin receptor 1",0.0706428437983515,-1.71813006273537,1.78877290653372,9.63420843818293,91.7629529885011,1.75811202024878e-07,1.76525640804642e-05
"16918722","GDF5","growth differentiation factor 5",0.368530426986105,-1.68811459342898,2.05664502041509,8.86884024720445,123.979905471418,3.77255589841294e-08,5.46698984829755e-06
"16920156","PTGIS","prostaglandin I2 synthase",1.20572788265165,-2.38965496813483,3.59538285078648,8.4864962861592,457.245166065782,4.00709805647843e-11,4.30041235559356e-08
"16921827","MIR155HG","MIR155 host gene",1.34405205835219,-1.86768575423763,3.21173781258981,8.69961133385979,331.226016664104,2.21273214979902e-10,1.19838444116943e-07
"16936925","LRRN1","leucine rich repeat neuronal 1",0.0869222372139067,-1.39639877636608,1.48332101357998,8.34453703719265,147.517196159659,1.53645398195496e-08,2.92127848051345e-06
"16950825","TIMP4","TIMP metallopeptidase inhibitor 4",0.403516607499325,-1.02510351007117,1.42862011757049,8.64057406259849,57.5872547078569,1.80675718967363e-06,9.65831507863716e-05
"16955939","LRIG1","leucine rich repeats and immunoglobulin like domains 1",0.880585459909479,-1.28701551890998,2.16760097881946,10.9567846852391,344.929060633467,1.78571119062572e-10,1.08800541940658e-07
"16959805","RBP1","retinol binding protein 1",0.634674453958151,-1.29220458030867,1.92687903426682,7.6764369143239,53.8317675978803,2.51430367261988e-06,0.000123565004596572
"16960911","LXN","latexin",1.06591005002902,-1.75363433064175,2.81954438067078,9.89069816700665,483.578846751988,2.97603943273506e-11,3.79919776821323e-08
"16960922","RARRES1","retinoic acid receptor responder 1",1.00292782947141,-1.79343426935233,2.79636209882374,8.15836278447114,224.104980083846,1.73334983330126e-09,6.04031604870897e-07
"16961372","TERC","telomerase RNA component",0.144637122007028,-1.00445207618242,1.14908919818945,8.68648831843228,47.1859084089318,4.76726520347099e-06,0.000198144541406592
"16961616","TNFSF10","TNF superfamily member 10",0.427753587144743,-1.28900257461014,1.71675616175488,7.96775183662197,101.973432770137,1.0275594758763e-07,1.18994938267947e-05
"16965519","SOD3","superoxide dismutase 3",0.755350998210819,-1.2536028159992,2.00895381421002,9.73664991229914,231.899087340126,1.44858455186864e-09,5.35646606327867e-07
"16971409","MAB21L2","mab-21 like 2",0.337004259707415,-3.43170542253609,3.76870968224351,8.8763220891382,136.530447974281,2.29372417562057e-08,3.76093605884551e-06
"16975607","GABRA2","gamma-aminobutyric acid type A receptor subunit alpha2",0.267361055272135,-1.36596912916111,1.63333018443325,6.87566744489377,98.1334005056788,1.24972328566316e-07,1.37308224195496e-05
"16975671","CORIN","corin, serine peptidase",0.879600406439127,-1.3455458123205,2.22514621875963,7.89997315266274,211.430760769229,2.35216006825068e-09,7.41857449290568e-07
"16979225","PRSS12","serine protease 12",0.568620721385225,-1.39172131932816,1.96034204071339,10.1061549867745,439.086748232674,4.96903600773812e-11,5.08710263830736e-08
"16980051","CLGN","calmegin",-0.260320260953604,-1.5011029253277,1.2407826643741,8.83827657837122,153.964455827906,1.23064552770789e-08,2.52810426280131e-06
"16984394","CCDC152","coiled-coil domain containing 152",0.288856421569879,-1.54299507764298,1.83185149921286,6.02503819085653,54.4739469710032,2.37269776838161e-06,0.000118905567211487
"16986065","TMEM171","transmembrane protein 171",0.434325178261574,-1.25594652862129,1.69027170688287,10.1318384743761,194.542876278376,3.63672222297163e-09,1.01557362202641e-06
"16986417","F2RL1","F2R like trypsin receptor 1",0.214714444411879,-1.25194494487621,1.46665938928809,9.48019112678296,222.708172346674,1.79115773200802e-09,6.15618616135088e-07
"16986433","CRHBP","corticotropin releasing hormone binding protein",0.567264410089921,-2.63457397150136,3.20183838159129,8.98046048446658,592.937637972728,1.00604170164458e-11,1.86003234196819e-08
"16988565","PRDM6","PR/SET domain 6",0.0625643315869695,-1.85758380752437,1.92014813911134,7.60824892968177,326.352663242923,2.39310519615208e-10,1.24573904176783e-07
"16990267","PCDHB5","protocadherin beta 5",0.199631167913443,-1.91118951773657,2.11082068565001,8.12136357126374,107.309323346593,7.91776401255431e-08,9.73685213442946e-06
"16991907","LOC102724458","uncharacterized LOC102724458",0.430894169426042,-1.0410066537127,1.47190082313874,5.92585782742714,37.7806923937972,1.37521285792319e-05,0.000454311693180949
"16992347","FGF18","fibroblast growth factor 18",-0.0815334420495528,-1.56738870990573,1.48585526785618,8.00463233031833,170.646225482878,7.20745313015165e-09,1.68608294298281e-06
"16995301","RANBP3L","RAN binding protein 3 like",0.597204105421643,-1.10797082320784,1.70517492862948,6.31502068825095,46.1795485942638,5.28912699514968e-06,0.000214351566212351
"16995989","FGF10","fibroblast growth factor 10",1.95866225091071,-1.10589948425061,3.06456173516132,7.37039748501138,189.551133800577,4.16598186765514e-09,1.11128084476649e-06
"16996030","EMB","embigin",-0.0171286653187277,-1.29104124214561,1.27391257682688,7.59437287151632,89.5597090281818,1.98877758475268e-07,1.90942613180641e-05
"16996684","ADAMTS6","ADAM metallopeptidase with thrombospondin type 1 motif 6",0.229160715132108,-1.10478499616552,1.33394571129763,7.76457387943367,73.1894433081677,5.49884212136882e-07,3.97883155224604e-05
"16996896","CCDC125","coiled-coil domain containing 125",0.193526407774124,-1.83620730660788,2.029733714382,8.81136019248678,372.591606170637,1.18699415704356e-10,8.26533321015645e-08
"16998532","ST8SIA4","ST8 alpha-N-acetyl-neuraminide alpha-2,8-sialyltransferase 4",1.22675526974033,-1.00364569559898,2.23040096533931,7.33220798705238,322.059405372073,2.56661356572483e-10,1.32321268801412e-07
"16999255","LOC105379152","uncharacterized LOC105379152",0.0859285211132024,-1.24352787597537,1.32945639708858,7.62168232259979,153.66031237717,1.24334472659388e-08,2.54444329029709e-06
"16999432","C5orf63","chromosome 5 open reading frame 63",0.040541337091053,-1.08417464763969,1.12471598473074,7.40192258585716,16.3802302443818,0.000545592673857905,0.00731753089748544
"17001324","JAKMIP2","janus kinase and microtubule interacting protein 2",0.428665936471917,-2.04153607480919,2.47020201128111,7.62301158319119,333.190829549442,2.14460244458034e-10,1.173338257868e-07
"17005894","ZSCAN12P1","zinc finger and SCAN domain containing 12 pseudogene 1",0.475472845682291,-1.11020055748515,1.58567340316744,7.69736505911917,60.2120744061105,1.45072962072539e-06,8.17915563348402e-05
"17011302","CRYBG1","crystallin beta-gamma domain containing 1",-0.0664560487032517,-1.15857691435132,1.09212086564807,8.23837725746503,75.4660091045708,4.71640255531788e-07,3.51221327511776e-05
"17012632","ENPP1","ectonucleotide pyrophosphatase/phosphodiesterase 1",0.483671365657683,-2.09359507746142,2.5772664431191,10.5390343975718,712.129267446244,3.79039845447284e-12,1.01614896966735e-08
"17016221","RIPOR2","RHO family interacting cell polarization regulator 2",1.07056856791354,-1.54434662053365,2.61491518844719,8.23192363501376,202.042814706636,2.98378327129367e-09,8.79019272840401e-07
"17016356","H1-1","H1.1 linker histone, cluster member",1.14459318196872,-1.07302271095044,2.21761589291916,7.3408187956892,114.003198848242,5.80682302003165e-08,7.53860605000089e-06
"17021738","BACH2","BTB domain and CNC homolog 2",0.506203103320724,-1.47343201793733,1.97963512125805,7.82548766898074,149.42164603606,1.43757790265124e-08,2.79384768368244e-06
"17025844","THBS2","thrombospondin 2",0.500334776879676,-3.23693868873477,3.73727346561444,10.2523020454949,1083.62962552575,4.02736534557283e-13,3.08478925333684e-09
"17043095","SDK1","sidekick cell adhesion molecule 1",0.808712913535016,-1.07537494464269,1.88408785817771,9.14825010348302,278.359834839904,5.54168022424197e-10,2.47606890485985e-07
"17043982","ITGB8","integrin subunit beta 8",0.809482767271108,-1.21008200630211,2.01956477357322,9.24127258069781,141.701729942573,1.89240241874645e-08,3.33766251598448e-06
"17048083","STEAP2","STEAP2 metalloreductase",-0.240860063987062,-1.2891900411953,1.04832997720824,7.46162301275091,276.401765376473,5.75177002262087e-10,2.54869961407325e-07
"17048686","SDHAF3","succinate dehydrogenase complex assembly factor 3",0.223635302243049,-1.14351540274775,1.3671507049908,7.1960955974685,28.5487349673857,5.01286164915597e-05,0.0012239280648579
"17052935","OR2A20P","olfactory receptor family 2 subfamily A member 20 pseudogene",0.00228811575395405,-1.34217683661132,1.34446495236527,8.43927592786823,310.440523097684,3.1165336148593e-10,1.57640738516897e-07
"17054691","SDK1-AS1","SDK1 antisense RNA 1",1.4539033913503,-2.37241608486165,3.82631947621195,7.8053205674238,219.971298010164,1.91119517484288e-09,6.36475476332614e-07
"17056143","HOXA6","homeobox A6",0.339867385247777,-1.1904952817423,1.53036266699008,8.06280302060414,88.1417777010047,2.15627286675837e-07,2.01065882255624e-05
"17063221","FAM180A","family with sequence similarity 180 member A",0.355078657597824,-1.21591232957361,1.57099098717143,9.2340570458768,202.513912234375,2.94763096506837e-09,8.73166461072216e-07
"17063996","ARHGEF35","Rho guanine nucleotide exchange factor 35",-0.0845993346720348,-2.58197170665547,2.49737237198343,6.38399985938541,41.6361751538136,8.68312027335763e-06,0.000317357095907714
"17067011","NEFM","neurofilament medium",1.17316576433739,-1.31616083080661,2.489326595144,8.00143005336789,115.365374971804,5.46338117222832e-08,7.19729995851022e-06
"17069816","SULF1","sulfatase 1",0.32950118105007,-1.49885160040394,1.82835278145401,8.18904518629418,101.768325662825,1.0381736234151e-07,1.19681125760661e-05
"17076228","LINC01605","long intergenic non-protein coding RNA 1605",-0.0899225245862905,-1.20826183024727,1.11833930566098,7.52576043083383,137.05448133235,2.24874107441427e-08,3.73764779592697e-06
"17077191","LOC100507516","uncharacterized LOC100507516",0.541277885674619,-1.96098561278953,2.50226349846415,8.69996559465856,430.376900147791,5.52657403627369e-11,5.38760582005248e-08
"17079210","GEM","GTP binding protein overexpressed in skeletal muscle",0.0932192386910842,-1.14602567469951,1.23924491339059,9.43533334141769,91.0197114214232,1.83219057993247e-07,1.80914479418488e-05
"17080516","ENPP2","ectonucleotide pyrophosphatase/phosphodiesterase 2",0.39611282309132,-1.8324351977961,2.22854802088742,8.89014026664746,370.359900111133,1.22537239030209e-10,8.42317839113172e-08
"17080648","HAS2","hyaluronan synthase 2",-0.449535343224754,-2.43193483163825,1.98239948841349,9.36232802086801,443.766994097188,4.69707664892347e-11,4.93810115069274e-08
"17080788","FBXO32","F-box protein 32",0.254617974678766,-1.18222347095413,1.4368414456329,9.69705063160117,106.631033566731,8.1788434110132e-08,9.96647834473397e-06
"17085610","PGM5","phosphoglucomutase 5",-0.304862287062828,-1.5743283956347,1.26946610857188,7.4050397738113,119.446583126936,4.56968039393207e-08,6.34747548397553e-06
"17087413","GALNT12","polypeptide N-acetylgalactosaminyltransferase 12",0.670905727145046,-1.53106770118362,2.20197342832867,8.97262446447018,345.511504516641,1.76984173663177e-10,1.08800541940658e-07
"17089549","DNM1","dynamin 1",0.476947876417691,-1.00805107399426,1.48499895041195,9.34105341947276,98.0328342198484,1.25626785664716e-07,1.37402015343118e-05
"17090296","ASS1","argininosuccinate synthase 1",0.128638586411967,-1.36236307758287,1.49100166399484,10.1898098511603,170.377442608529,7.26687908801576e-09,1.68670240719541e-06
"17092794","HACD4","3-hydroxyacyl-CoA dehydratase 4",0.228033835382092,-1.18671473823342,1.41474857361551,8.6805633880851,55.7094396014627,2.12597596421451e-06,0.000109815465581204
"17095307","C9orf64","chromosome 9 open reading frame 64",0.114786699812829,-1.6489640133581,1.76375071317092,7.74528112547516,47.5297740425039,4.60311414236611e-06,0.00019402922246167
"17095870","OGN","osteoglycin",0.14505013067468,-1.14939354435144,1.29444367502612,6.58568907430699,30.9355749287592,3.4786320489466e-05,0.000933502575417265
"17102566","SYTL5","synaptotagmin like 5",0.84436058172217,-1.00548415575365,1.84984473747582,6.7109330858983,88.8934321066065,2.06548434558496e-07,1.95942195254835e-05
"17104283","HEPH","hephaestin",0.454936984669345,-2.17898705524514,2.63392403991449,8.85143295994671,187.797505402958,4.37326990409213e-09,1.15508183471777e-06
"17104847","NHSL2","NHS like 2",0.473105160094753,-1.05813895817867,1.53124411827342,6.77048974046765,66.6917715097859,8.74428819962465e-07,5.52229093520936e-05
"17105183","DACH2","dachshund family transcription factor 2",0.0501981131255329,-1.52062808692332,1.57082620004885,7.04713681294014,185.791664829257,4.62555946270986e-09,1.20392534811706e-06
"17105393","TMEM35A","transmembrane protein 35A",0.704986725545558,-1.08870222485985,1.79368895040541,11.011729023795,239.335507474614,1.22723949313689e-09,4.83830146349416e-07
"17110289","MAOB","monoamine oxidase B",0.740739484340442,-2.22198425345183,2.96272373779227,7.75595346068246,90.8871844716863,1.84578535166e-07,1.815880242201e-05
"17110315","NDP","norrin cystine knot growth factor NDP",0.157405973511443,-1.00151117203439,1.15891714554583,7.5033526664198,78.4914148420888,3.87143082649887e-07,3.03471500912851e-05
"17110322","EFHC2","EF-hand domain containing 2",0.540709235298369,-1.12083272699567,1.66154196229404,6.75429089042223,151.983706326972,1.31620577372226e-08,2.61374092480245e-06
"17110700","KCND1","potassium voltage-gated channel subfamily D member 1",0.846193653213937,-1.02245920079852,1.86865285401246,8.02104098236709,169.092137445619,7.55921351152277e-09,1.74699289158326e-06
"17111725","EDA2R","ectodysplasin A2 receptor",-0.460750495237594,-1.88238706608545,1.42163657084785,10.3409702478668,303.342409053958,3.52142769288293e-10,1.7321870514615e-07
"17112910","TMSB15A","thymosin beta 15A",0.744646258142443,-1.43207622198481,2.17672248012726,6.40923500181962,43.7550888474062,6.85162159053051e-06,0.000263154294283291
"17113346","CHRDL1","chordin like 1",0.197155827964246,-1.35627876357097,1.55343459153522,6.98208573443942,50.8048886558194,3.33334662284979e-06,0.000151847107797228
"17113398","TRPC5","transient receptor potential cation channel subfamily C member 5",1.03668826724805,-1.09047802161044,2.12716628885849,8.45829383451293,123.979251520927,3.77265838049517e-08,5.46698984829755e-06
"17113418","AMOT","angiomotin",0.164572184928879,-1.26654197646777,1.43111416139665,8.48789984603175,66.7555362984505,8.70283150514355e-07,5.52132620021354e-05
"17118340","LINC01605","long intergenic non-protein coding RNA 1605",-0.0899225245862905,-1.20826183024727,1.11833930566098,7.52576043083383,137.05448133235,2.24874107441427e-08,3.73764779592697e-06
"17120248","LOC100288175","uncharacterized LOC100288175",0.212395336406583,-1.06433940723899,1.27673474364558,4.38599935252267,53.6149197442348,2.56436896079977e-06,0.000125794849561941
"17122742","MIR646HG","MIR646 host gene",-0.0361370325219905,-1.23264025996659,1.1965032274446,7.7610264961462,65.5862676156022,9.50166629607384e-07,5.87601893652354e-05
"17123646","EVA1C","eva-1 homolog C",-0.0349767638083742,-1.04036044840609,1.00538368459771,7.85694131166301,54.6164467096621,2.34257037116707e-06,0.000118268922401944
"17125282","PGM5","phosphoglucomutase 5",-0.540024428890527,-2.19449286296581,1.65446843407528,10.1208418311022,406.310005775757,7.49958992282102e-11,6.59189365396549e-08
"17126208","ADAM12","ADAM metallopeptidase domain 12",0.0818862667639433,-1.2907244241797,1.37261069094364,8.08375663046254,68.6581280030647,7.56665730282813e-07,5.02105773026901e-05
"17126224","MIAT","myocardial infarction associated transcript",0.367532305070745,-1.16086819392728,1.52840049899803,6.48113673713187,47.277617453587,4.72281647710392e-06,0.000196737745999237
"16667346","SLC44A3","solute carrier family 44 member 3",0.0272649412752513,1.36550331743875,-1.3382383761635,8.18211451507678,147.893254183437,1.51630585362717e-08,2.89323028305793e-06
"16667516","PLPPR4","phospholipid phosphatase related 4",-0.339160545038508,2.00639901864954,-2.34555956368805,9.60612578114905,637.79523161722,6.82193142794058e-12,1.40681345143035e-08
"16669501","LINC00328","long intergenic non-protein coding RNA 328",-0.818227563095823,1.09083842323565,-1.90906598633147,6.14794730713014,9.55218768043847,0.00412992118417465,0.0325064568602308
"16671041","LCE2C","late cornified envelope 2C",-0.271268346942862,1.07335626710329,-1.34462461404615,6.26432379191211,10.2771363483155,0.00320083702926376,0.0270821017828681
"16671049","LCE2A","late cornified envelope 2A",-1.07458812096501,2.33756190708587,-3.41215002805088,9.34626033986952,536.125294244675,1.71963798660006e-11,2.71181852728045e-08
"16675197","PLA2G4A","phospholipase A2 group IVA",-0.424863443745709,1.21129547141487,-1.63615891516058,7.91640234290671,77.2330509652739,4.19905376295346e-07,3.21629522297537e-05
"16677556","TGFB2-OT1","TGFB2 overlapping transcript 1",-0.983497977867515,1.10696246166253,-2.09046043953004,10.7480647193566,378.616431023925,1.09029582912916e-10,7.93117500803134e-08
"16679301","FMN2","formin 2",-0.872437915476622,1.3824386885422,-2.25487660401883,9.65524828659274,298.924789872507,3.8049826820445e-10,1.82153353984982e-07
"16688992","LPAR3","lysophosphatidic acid receptor 3",0.214797148710629,2.40927368731812,-2.19447653860749,8.45661053985784,515.635219646028,2.11569243933324e-11,3.06586706810082e-08
"16689384","GBP4","guanylate binding protein 4",-0.249873247889191,1.06533312524706,-1.31520637313626,6.15679043400427,20.7234853100787,0.000205150644435351,0.00351985987286086
"16689869","F3","coagulation factor III, tissue factor",-0.252157367537352,2.65624154604644,-2.9083989135838,10.8067829916564,1317.56847949364,1.41552711490229e-13,2.32442324214474e-09
"16690908","KCND3","potassium voltage-gated channel subfamily D member 3",-0.240537240599148,1.35023655971395,-1.5907738003131,7.25863600226069,158.457826840045,1.05983017571691e-08,2.3193842665883e-06
"16691766","ANKRD20A12P","ankyrin repeat domain 20 family member A12, pseudogene",-0.213795355196235,1.11711089239946,-1.3309062475957,6.8468149126195,12.114570081248,0.00176285149519283,0.0174517741170151
"16696416","TNFSF18","TNF superfamily member 18",-0.0114207372398063,2.40260517112837,-2.41402590836818,7.01950220159978,93.3052353425873,1.61542284289767e-07,1.66565628014701e-05
"16696425","TNFSF4","TNF superfamily member 4",0.0577890377677104,1.25071451812484,-1.19292548035713,9.33516860364872,200.529220753791,3.10354963780743e-09,8.99475788812547e-07
"16697370","PTGS2","prostaglandin-endoperoxide synthase 2",-0.307892948902643,1.88185870990509,-2.18975165880773,7.67744835199431,220.922141202208,1.86844026304807e-09,6.27120455520596e-07
"16700872","LYST","lysosomal trafficking regulator",-0.539008563683501,1.05076079332421,-1.58976935700771,6.81875455999668,18.2104141717282,0.0003534770119709,0.00529276426790084
"16701007","LINC01139","long intergenic non-protein coding RNA 1139",0.122965055914356,1.42254972288499,-1.29958466697063,6.73673247236227,62.6512345516898,1.19226898749567e-06,7.04029584829902e-05
"16703563","BAMBI","BMP and activin membrane bound inhibitor",-0.489116787343098,1.45576379555929,-1.94488058290239,9.70719848196072,238.502780929604,1.24992471172352e-09,4.89176739185983e-07
"16704182","CSGALNACT2","chondroitin sulfate N-acetylgalactosaminyltransferase 2",-0.593227132529661,1.29894405693797,-1.89217118946763,9.98836589444454,208.726751450688,2.51625447395232e-09,7.72059547583713e-07
"16705188","CABCOCO1","ciliary associated calcium binding coiled-coil 1",-0.527409080029667,1.25779329670363,-1.7852023767333,7.45947171616511,26.4961251766542,7.01039229989861e-05,0.00158263664818385
"16709553","ATRNL1","attractin like 1",-0.439111558027979,2.12807247556601,-2.56718403359399,7.47966336168837,218.722932984094,1.96910344763751e-09,6.5171246637025e-07
"16711695","SFTA1P","surfactant associated 1, lncRNA",-1.19900458977546,1.12403364474698,-2.32303823452244,6.16445043193582,65.0654502835036,9.88531555607284e-07,6.04356857662437e-05
"16712086","ITGA8","integrin subunit alpha 8",0.19894418566861,4.11206663110832,-3.91312244543971,7.31196932005858,1677.05917685837,3.89015560633854e-14,2.08578473145053e-09
"16714086","VSTM4","V-set and transmembrane domain containing 4",-0.337059344004876,1.03703604622009,-1.37409539022496,10.0332959346637,92.1026118360011,1.72544412845438e-07,1.74553090255355e-05
"16716478","ANKRD1","ankyrin repeat domain 1",-2.72860931427827,1.64183353590068,-4.37044285017895,7.95655434567493,668.325903309839,5.31720365072174e-12,1.23953264409021e-08
"16718666","ABLIM1","actin binding LIM protein 1",-0.744855376504763,1.32658987714708,-2.07144525365184,9.35232357048022,49.3875842649332,3.82392210731929e-06,0.000167043814423781
"16718670","GFRA1","GDNF family receptor alpha 1",-0.55312608503014,2.40063938679565,-2.95376547182579,10.0732392580569,926.703958277499,9.29244945237066e-13,5.1326989960657e-09
"16721884","SBF2-AS1","SBF2 antisense RNA 1",-0.0316119221357472,1.0107913290527,-1.04240325118844,8.52451748698159,122.953821362153,3.93749846728565e-08,5.64483570375548e-06
"16722987","LUZP2","leucine zipper protein 2",-0.0480479066002442,1.66989868350647,-1.71794659010671,7.97487913085452,153.285804333761,1.25919610427687e-08,2.56071692365445e-06
"16723058","FIBIN","fin bud initiation factor homolog",0.679630762965568,1.88163951588917,-1.20200875292361,9.1515176435943,326.521827316657,2.38655849485707e-10,1.24573904176783e-07
"16729789","PRSS23","serine protease 23",-0.510161746351605,1.02504034419454,-1.53520209054614,10.2760055411044,131.262901800276,2.81069362133469e-08,4.39361399111084e-06
"16736107","LOC105376567","uncharacterized LOC105376567",0.0847635156553315,1.23520084566518,-1.15043733000985,6.2000108814344,55.4078266717989,2.18328068545971e-06,0.000112020057906501
"16741493","SHANK2","SH3 and multiple ankyrin repeat domains 2",-0.558778335070767,1.09954728487301,-1.65832561994377,5.36863879586631,36.6252107987807,1.59112766212712e-05,0.000509322339464296
"16743111","CTSC","cathepsin C",2.0204426489201e-05,1.02383380801271,-1.02381360358622,12.2051780341041,134.72403150435,2.45718586130275e-08,3.94451899178052e-06
"16743735","MMP3","matrix metallopeptidase 3",-1.0200500328773,2.50564902375333,-3.52569905663063,7.78470015003636,144.01103922334,1.74043324435896e-08,3.14057896385298e-06
"16746992","CCND2","cyclin D2",-0.454958432322366,1.63195614667327,-2.08691457899563,9.58822534098291,472.168634188649,3.37862951329759e-11,4.02559952476615e-08
"16749583","FAR2","fatty acyl-CoA reductase 2",-0.132395386795595,1.33405464254357,-1.46645002933916,8.42564898556313,95.7468881905391,1.41660299977784e-07,1.51001994113496e-05
"16761012","A2M","alpha-2-macroglobulin",0.177293637137765,3.16913759928738,-2.99184396214961,8.34006268985102,578.285091264759,1.14941355994376e-11,2.05427022811683e-08
"16761212","CLEC2B","C-type lectin domain family 2 member B",-0.143515032913469,1.74420453080185,-1.88771956371532,8.18656270527007,87.469286096781,2.24153595569117e-07,2.07214540234988e-05
"16761293","OLR1","oxidized low density lipoprotein receptor 1",-0.57144721786177,1.61391624198349,-2.18536345984526,10.3084635355698,200.165789656609,3.13315041493751e-09,9.03172719342498e-07
"16767851","E2F7","E2F transcription factor 7",-0.656370153407403,1.06907807073766,-1.72544822414506,9.39402775246672,96.4600493751639,1.36410600699399e-07,1.46866007584331e-05
"16769552","KCCAT198","renal clear cell carcinoma-associated transcript 198",-0.279904371515801,1.02988777345158,-1.30979214496738,3.99149422428819,22.1439466348746,0.000154309013091324,0.00285485043470046
"16773086","FGF9","fibroblast growth factor 9",0.271186519974151,1.29715508974155,-1.0259685697674,6.99865284420331,82.006506829228,3.10496435017717e-07,2.55727916380107e-05
"16775725","SLITRK5","SLIT and NTRK like family member 5",-0.0583464705027534,1.77667333446714,-1.83501980496989,8.88902528685964,273.783602535479,6.04763683525794e-10,2.6578372475084e-07
"16778703","KCTD4","potassium channel tetramerization domain containing 4",-1.69015532483873,1.21115038305835,-2.90130570789707,7.65179861167474,286.584986692681,4.7528633658563e-10,2.1414644965304e-07
"16780140","MIR4500HG","MIR4500 host gene",0.121650023887852,1.22238107063663,-1.10073104674878,6.10005347154002,63.1374155432033,1.14750652790566e-06,6.84381062366162e-05
"16780151","MIR4500","microRNA 4500",-1.05856628547064,1.71159704298237,-2.77016332845301,3.97921115110621,22.1302325331271,0.000154722900161084,0.00285967121936287
"16780929","COL4A1","collagen type IV alpha 1 chain",-0.376949350400205,1.58505308296505,-1.96200243336526,10.0128018545344,330.38025816535,2.24284725609172e-10,1.2025474132987e-07
"16796060","LGMN","legumain",-0.856390880906581,1.14234543861649,-1.99873631952307,9.87510400312006,191.248920001299,3.9763079050106e-09,1.08222183219773e-06
"16799724","DLL4","delta like canonical Notch ligand 4",0.343949035654987,1.77659418290317,-1.43264514724818,8.48598242738696,198.161764388983,3.3025200934012e-09,9.46904918972684e-07
"16799739","CHAC1","ChaC glutathione specific gamma-glutamylcyclotransferase 1",-0.0367941380897303,1.30367930264878,-1.34047344073851,10.3986989872796,159.084120571545,1.03832304857996e-08,2.29101921381531e-06
"16805474","ARRDC4","arrestin domain containing 4",-0.146883113693164,1.36532921326843,-1.5122123269616,9.94135557559884,207.675523758318,2.58369115074324e-09,7.87100956985229e-07
"16806002","WHAMMP3","WAS protein homolog associated with actin, golgi membranes and microtubules pseudogene 3",-0.6258167621306,1.00485176979874,-1.63066853192934,7.56455162725079,45.6011096538886,5.61973003384746e-06,0.000226041309245911
"16811085","ITGA11","integrin subunit alpha 11",0.293481900685746,1.35975458184203,-1.06627268115629,10.6302263963699,154.709220660244,1.20019264913392e-08,2.50436808903425e-06
"16813024","MIR3529","microRNA 3529",-0.469156004832453,1.04883984157604,-1.5179958464085,5.14750608312986,18.1473023824323,0.000358603380671109,0.00534386811046216
"16816424","SYT17","synaptotagmin 17",0.230055442152172,1.98577597328417,-1.755720531132,7.75869159904666,265.969983605107,7.04424018915698e-10,2.97394508836244e-07
"16821367","HSD17B2","hydroxysteroid 17-beta dehydrogenase 2",0.315434829673086,3.68244786435404,-3.36701303468095,8.57436506718178,911.138240753138,1.01725551700342e-12,5.1326989960657e-09
"16821467","WFDC1","WAP four-disulfide core domain 1",-0.0178067586777075,3.76987134865819,-3.7876781073359,9.55182862997539,1016.10457827309,5.68064895177926e-13,3.80724193559436e-09
"16824046","CPPED1","calcineurin like phosphoesterase domain containing 1",-0.837693804851021,1.15513980069055,-1.99283360554157,10.2584619109916,337.72012603756,1.99680337841504e-10,1.13301798660305e-07
"16828705","MPHOSPH6","M-phase phosphoprotein 6",0.044372780527393,1.28786496906764,-1.24349218854024,9.82015055296723,179.576195862562,5.52456594572442e-09,1.37772396424142e-06
"16831224","MYOCD","myocardin",-0.0462108103955234,1.49603455202875,-1.54224536242428,7.92386214335209,146.623187273867,1.5856411658412e-08,2.97263364996181e-06
"16835158","ITGB3","integrin subunit beta 3",0.319317356098511,1.71324694594912,-1.39392958985061,9.62078733097019,342.488936745566,1.85405765670624e-10,1.10454454866243e-07
"16837308","ARSG","arylsulfatase G",-0.33409871279563,1.09121123709561,-1.42530994989124,8.80413061251107,121.757682361393,4.14069934968625e-08,5.83415275867164e-06
"16837391","KCNJ2","potassium inwardly rectifying channel subfamily J member 2",-0.273102536859092,1.78652347618902,-2.05962601304811,9.8972581195224,328.891052289155,2.29706397746669e-10,1.21942256712705e-07
"16840362","PITPNM3","PITPNM family member 3",-0.164647190141231,1.03642963394493,-1.20107682408616,8.24067051610334,71.2799061019958,6.27612494337478e-07,4.40858161842341e-05
"16844604","KRTAP4-12","keratin associated protein 4-12",-0.636265853811554,1.6883013055667,-2.32456715937825,7.47783702840352,54.3512237524686,2.39901290877012e-06,0.000119765246861758
"16848070","SLC16A6","solute carrier family 16 member 6",-0.698551304736928,3.17203272697753,-3.87058403171446,8.6225073690512,501.172816646745,2.46118956488943e-11,3.47267370791254e-08
"16851427","CABLES1","Cdk5 and Abl enzyme substrate 1",0.0710742700196754,1.12726500665926,-1.05619073663959,8.96006282635915,111.148979650952,6.61318684445156e-08,8.37379027198309e-06
"16851486","LAMA3","laminin subunit alpha 3",-0.113828680583129,1.1296341616185,-1.24346284220163,7.58140134163302,154.191430226428,1.22126861784073e-08,2.51849074933717e-06
"16852463","RAB27B","RAB27B, member RAS oncogene family",-0.789206870762765,2.22071403393018,-3.00992090469294,9.15273214202871,411.835038162354,6.98116423736441e-11,6.23848471524612e-08
"16854268","NPC1","NPC intracellular cholesterol transporter 1",-1.0033518308867,1.55718873300952,-2.56054056389621,10.3355450103161,356.112653030342,1.50825608396903e-10,9.51390193578442e-08
"16854301","ANKRD29","ankyrin repeat domain 29",-0.295326773930814,1.84694138372284,-2.14226815765365,7.9419728568078,111.120290103395,6.62194280791695e-08,8.37379027198309e-06
"16855358","CCDC68","coiled-coil domain containing 68",0.140898512407663,1.30315823575569,-1.16225972334803,9.08818146494493,200.666803365444,3.09243042840397e-09,8.99475788812547e-07
"16872871","PSG1","pregnancy specific beta-1-glycoprotein 1",-2.02474147984404,1.75926601688559,-3.78400749672963,5.8145053889551,152.913864708013,1.2751765645518e-08,2.56071692365445e-06
"16881838","HK2","hexokinase 2",-0.373580620178995,1.40000094912759,-1.77358156930658,9.34635790569936,149.770978895328,1.42027039617765e-08,2.7826312840817e-06
"16885859","NCKAP5-AS2","NCKAP5 antisense RNA 2",-0.406267982848396,2.75790830205528,-3.16417628490367,8.10852668830289,243.830646567488,1.11288949257325e-09,4.45296984502238e-07
"16886174","KYNU","kynureninase",-0.77223494875082,1.93461046118166,-2.70684540993248,8.27619904620354,374.778322974786,1.15076483302599e-10,8.15208834176354e-08
"16888437","ZNF804A","zinc finger protein 804A",-0.64390260004782,1.21624849150555,-1.86015109155337,8.31410904802359,61.8322117991154,1.2724516027301e-06,7.36771464185528e-05
"16888963","NABP1","nucleic acid binding protein 1",-0.792364438826867,1.04014103970861,-1.83250547853547,11.1438359623252,171.008791588352,7.12820296834327e-09,1.67628446734062e-06
"16888979","NABP1-OT1","NABP1 3'UTR overlapping transcript 1",-1.74360745929946,1.08962061638922,-2.83322807568868,7.48745079462219,28.014005622394,5.45964050003954e-05,0.00130391779372214
"16889966","ADAM23","ADAM metallopeptidase domain 23",-0.417624256412576,1.36244091454517,-1.78006517095775,10.9662642530956,404.603522101835,7.66885645780875e-11,6.63195284997309e-08
"16890207","MAP2","microtubule associated protein 2",-0.667112815675096,1.74190198941036,-2.40901480508546,8.14672649270187,382.583705987446,1.03171132725218e-10,7.6829536435111e-08
"16892826","ACKR3","atypical chemokine receptor 3",-0.0743649016726016,1.60447907932268,-1.67884398099529,6.82900977343255,181.058618813754,5.29259242711685e-09,1.32742143005174e-06
"16901161","TBC1D8","TBC1 domain family member 8",0.024896764974498,1.63840262055087,-1.61350585557637,7.35088328950022,123.361290218272,3.87099387076528e-08,5.58801518983231e-06
"16902933","LYPD1","LY6/PLAUR domain containing 1",-0.627423674999731,2.0916896601036,-2.71911333510333,9.66787057706599,773.786341817054,2.43391982564332e-12,8.15621745571987e-09
"16902945","NCKAP5","NCK associated protein 5",0.0628290089012147,2.03712768276713,-1.97429867386592,9.02502156068524,393.465972301644,8.89205641975702e-11,7.11590132922555e-08
"16904551","GALNT3","polypeptide N-acetylgalactosaminyltransferase 3",-0.859172877247975,1.00592154669643,-1.8650944239444,7.5072675328941,86.4593932561687,2.37721348985967e-07,2.16032297772552e-05
"16906346","DIRC1","disrupted in renal carcinoma 1",0.116324432510942,1.51983054574656,-1.40350611323561,4.8935936319269,25.223233071957,8.72689753377955e-05,0.00187614300348299
"16909401","SLC16A14","solute carrier family 16 member 14",-0.633031646521736,2.25001307042816,-2.8830447169499,8.49823766706606,351.013249617742,1.62790373982976e-10,1.01492226533084e-07
"16911261","BMP2","bone morphogenetic protein 2",0.153866142078483,2.17007275732617,-2.01620661524768,8.38941162845624,418.816669931752,6.38558322421814e-11,5.90303130573973e-08
"16917183","JAG1","jagged canonical Notch ligand 1",-0.115685344858019,1.00661419343859,-1.12229953829661,9.75482769239698,112.51003498197,6.21313926594275e-08,7.92153969582515e-06
"16924602","ADAMTS1","ADAM metallopeptidase with thrombospondin type 1 motif 1",-0.490011490607621,1.3080335285053,-1.79804501911292,9.96618642170042,236.061741363219,1.31934718675279e-09,5.08916820950534e-07
"16924620","ADAMTS5","ADAM metallopeptidase with thrombospondin type 1 motif 5",-1.20502407902201,1.96947549393228,-3.17449957295429,8.17787118274038,393.94277466763,8.83515443327434e-11,7.11590132922555e-08
"16931850","RPL23AP82","ribosomal protein L23a pseudogene 82",-0.00299031667400307,1.01551300732608,-1.01850332400008,10.1938380113128,83.9216352282064,2.76352494042969e-07,2.3628308006669e-05
"16935905","SHISAL1","shisa like 1",0.140065915858132,1.29428871439989,-1.15422279854176,8.42101476911427,121.873177181643,4.12054512422434e-08,5.83415275867164e-06
"16936761","CHL1","cell adhesion molecule L1 like",-0.137885846236117,2.05796862635974,-2.19585447259585,6.95879127852796,457.98108400453,3.9730199560777e-11,4.30041235559356e-08
"16936851","CNTN4","contactin 4",0.0458742762658879,1.5518243014359,-1.50595002517002,6.71068782935834,156.679307723237,1.12384814834603e-08,2.41369550820697e-06
"16942743","ROBO2","roundabout guidance receptor 2",-0.41658183785667,1.47329324727353,-1.8898750851302,8.9416503049211,197.056789983376,3.40054685552161e-09,9.5961642501317e-07
"16947715","SERPINI1","serpin family I member 1",-1.17504045000199,1.06813774544544,-2.24317819544742,8.07252337030184,204.428034519429,2.80598290548139e-09,8.40493773425673e-07
"16948063","NLGN1","neuroligin 1",-0.00512418755128596,1.06261502060659,-1.06773920815788,7.51865103804343,56.8702390662331,1.92144438546421e-06,0.000101674292501728
"16955815","LOC105377123","uncharacterized LOC105377123",-0.896786458658811,1.53950412648463,-2.43629058514344,7.96566030157529,100.561966865942,1.10330065975929e-07,1.24800994671549e-05
"16962632","P3H2","prolyl 3-hydroxylase 2",-0.896558288364627,2.33292972787272,-3.22948801623734,9.04912750917424,877.387523177363,1.24447632185415e-12,5.1326989960657e-09
"16962661","CLDN1","claudin 1",-0.273042396240337,1.91167818832783,-2.18472058456816,11.3828395537543,738.47909786463,3.1226399891559e-12,8.81192569992483e-09
"16962689","GMNC","geminin coiled-coil domain containing",-0.426784767812538,1.35867595233143,-1.78546072014397,6.68401030223417,121.833311429626,4.12748865163386e-08,5.83415275867164e-06
"16964597","STK32B","serine/threonine kinase 32B",-0.52385470051576,1.97752864288019,-2.50138334339595,7.41627277139121,80.1242689795777,3.49038394666571e-07,2.80813881256496e-05
"16966422","SHISA3","shisa family member 3",0.269836913474926,1.50331801253404,-1.23348109905911,8.65616311265431,152.068939873649,1.31238160928344e-08,2.61374092480245e-06
"16966855","KIT","KIT proto-oncogene, receptor tyrosine kinase",-0.312154181826967,1.06977629709423,-1.3819304789212,9.43114203086528,146.996005296857,1.5649054763383e-08,2.9489569105473e-06
"16967202","ADGRL3","adhesion G protein-coupled receptor L3",0.289443719549246,2.35600314005764,-2.06655942050839,7.71420585580778,378.333116108962,1.0946284771515e-10,7.93117500803134e-08
"16967664","NPFFR2","neuropeptide FF receptor 2",0.056174773468558,1.30592557295134,-1.24975079948279,5.4556930429306,115.048409678871,5.54109634140301e-08,7.26283967654517e-06
"16967863","AREG","amphiregulin",-0.190420081140106,1.2789004415005,-1.4693205226406,7.88171792857178,103.264564477545,9.63622487324633e-08,1.12318580223663e-05
"16967875","PARM1","prostate androgen-regulated mucin-like protein 1",0.176838949675491,2.41466348462227,-2.23782453494678,7.80393753277378,343.257207474065,1.83220938617175e-10,1.10379292874574e-07
"16969558","SGMS2","sphingomyelin synthase 2",-0.747896148201928,1.10386760522752,-1.85176375342945,9.5661235865132,192.282179863926,3.86588612272569e-09,1.05753681756216e-06
"16973934","CYTL1","cytokine like 1",0.939435893825429,2.03937640257901,-1.09994050875358,9.49296002657752,225.693622956514,1.67027085040053e-09,5.96908187289004e-07
"16975234","TMEM156","transmembrane protein 156",-0.112330592452793,2.49696482802361,-2.6092954204764,7.01816167243527,253.731428564541,9.02680960452473e-10,3.69458359210536e-07
"16976211","IGFBP7","insulin like growth factor binding protein 7",-0.716837587294325,1.56820039092693,-2.28503797822126,11.773583645815,224.066469362666,1.73491368689256e-09,6.04031604870897e-07
"16977286","PRKG2","protein kinase cGMP-dependent 2",-0.0198912214486109,2.59981895882409,-2.6197101802727,6.84366627736303,366.378224760777,1.29756504725326e-10,8.69644314232224e-08
"16979176","LOC105377378","uncharacterized LOC105377378",-1.25906260070293,1.50315135406152,-2.76221395476445,8.43780181002658,134.918630686994,2.43892729340339e-08,3.938794117181e-06
"16979887","LOC101927414","uncharacterized LOC101927414",0.256237180536721,2.52636156374965,-2.27012438321293,5.48270399705091,77.2415285012375,4.19673901720608e-07,3.21629522297537e-05
"16979917","SLC7A11","solute carrier family 7 member 11",-0.970545198624354,1.51544725489358,-2.48599245351794,11.3251406855682,369.205736034076,1.24579710493599e-10,8.45517764244976e-08
"16983611","PURPL","p53 upregulated regulator of p53 levels",-1.93788264315875,1.9001338437874,-3.83801648694614,6.91131527918319,141.085933741552,1.93555081279358e-08,3.39145189312265e-06
"16984646","ITGA1","integrin subunit alpha 1",0.0493588765082258,1.34479574481032,-1.2954368683021,10.0581652744522,160.161443275872,1.00252596765821e-08,2.23710581961997e-06
"16986138","ARHGEF28","Rho guanine nucleotide exchange factor 28",-0.304418520043084,1.89173564943462,-2.1961541694777,8.94014833002655,358.632709172686,1.45299222034914e-10,9.38615468415179e-08
"16986246","LOC105379040","uncharacterized LOC105379040",-0.695735694946358,1.11402183348917,-1.80975752843553,8.14806887559152,60.946587664811,1.3664609040425e-06,7.76117948008971e-05
"16988837","SLC27A6","solute carrier family 27 member 6",-0.122964623100696,1.48314797254047,-1.60611259564117,6.08696078370065,67.9521982954358,7.96641173826631e-07,5.19718332249944e-05
"16988874","ADAMTS19","ADAM metallopeptidase with thrombospondin type 1 motif 19",0.0431420557632576,3.48226879014261,-3.43912673437935,8.10658988558232,1164.6774258525,2.73845963802275e-13,2.8480211837609e-09
"16990257","PCDHB2","protocadherin beta 2",-0.303331290137474,1.05937218963117,-1.36270347976865,7.69499352769115,67.3082496312139,8.35308433837876e-07,5.3805889460235e-05
"16990284","PCDHB8","protocadherin beta 8",-0.289546504816141,1.35983870752282,-1.64938521233896,5.79946834159505,26.7739868528623,6.69090110426008e-05,0.00152398489595205
"16990312","PCDHB13","protocadherin beta 13",-0.0910029473297485,1.01123880505848,-1.10224175238822,7.78128348152296,42.0232733641236,8.30880803258174e-06,0.00030576071398966
"16994038","LOC728613","programmed cell death 6 pseudogene",-0.129221709686838,1.01142105960374,-1.14064276929058,7.20682393348473,12.7225687718194,0.00146711069912287,0.0152475430034641
"16997275","GCNT4","glucosaminyl (N-acetyl) transferase 4",-0.723316988722548,2.64039121597407,-3.36370820469662,6.57870820253767,147.950553559448,1.51326350030146e-08,2.89323028305793e-06
"16997816","EDIL3","EGF like repeats and discoidin domains 3",-0.618235624342207,1.26020793986245,-1.87844356420466,12.1207252117809,267.065586306358,6.89335826737102e-10,2.93334277953676e-07
"16998162","MCTP1","multiple C2 and transmembrane domain containing 1",-1.05174578081251,1.42034833532829,-2.4720941161408,7.58492630925105,196.704758061088,3.4324992640565e-09,9.63561848381766e-07
"16999083","SEMA6A","semaphorin 6A",-0.497169656533382,1.91867295359617,-2.41584261012955,8.05058453593912,190.200986367738,4.09213996636225e-09,1.10255411344947e-06
"16999475","LOC105379167","uncharacterized LOC105379167",-0.508280445198862,1.7499793154403,-2.25825976063916,10.2785168204222,336.052413838267,2.04977422646728e-10,1.13301798660305e-07
"16999561","ADAMTS19-AS1","ADAMTS19 antisense RNA 1",0.0127919412955926,1.5351888660567,-1.52239692476111,7.75100234742522,95.5341093892947,1.43272777539668e-07,1.51815346113526e-05
"17004198","FOXF2","forkhead box F2",0.0750222935065779,1.1469972739607,-1.07197498045413,10.2000957965959,221.122122013781,1.85959303568296e-09,6.27120455520596e-07
"17004208","FOXC1","forkhead box C1",-0.019794775865698,1.08632065421801,-1.10611543008371,10.3260261108245,156.469682542474,1.13169191790637e-08,2.4174472335612e-06
"17004903","EDN1","endothelin 1",-1.40721683325857,1.783145254872,-3.19036208813057,9.60643427563087,272.426066955166,6.20814033798216e-10,2.7061939878178e-07
"17012761","TCF21","transcription factor 21",-0.284544584259132,1.27399909017164,-1.55854367443077,10.8640565386968,104.883678958251,8.89988624619201e-08,1.06041155747128e-05
"17014257","FNDC1","fibronectin type III domain containing 1",-0.496340361969018,1.07949137342305,-1.57583173539207,7.99452853559353,58.2910716673513,1.70199458672576e-06,9.20846052033046e-05
"17021831","GPR63","G protein-coupled receptor 63",-0.411914251430725,1.3367205208602,-1.74863477229092,7.18503860872564,183.00525270362,5.00528361607881e-09,1.29023217136201e-06
"17023298","RNF217-AS1","RNF217 antisense RNA 1 (head to head)",-0.68253348314823,1.47479728815258,-2.15733077130081,7.45061860050073,100.236186887873,1.1217118830237e-07,1.25821811782598e-05
"17048450","GNG11","G protein subunit gamma 11",0.146110726240938,1.27243424332918,-1.12632351708825,10.9135967357405,140.907415319476,1.94827696396194e-08,3.40263081357484e-06
"17050120","LOC105375440","uncharacterized LOC105375440",-1.64641863261324,1.90991547330516,-3.5563341059184,7.36076414527591,121.070444384813,4.26307171389822e-08,5.96796647739114e-06
"17050350","LRRN3","leucine rich repeat neuronal 3",-0.20578280952704,2.34750514308174,-2.55328795260878,8.0396502416103,552.28201315056,1.46834653389608e-11,2.46026050337206e-08
"17050834","WNT16","Wnt family member 16",-0.811168089565202,3.18359011406422,-3.99475820362943,9.28069952484975,796.854931219427,2.08074619873886e-12,7.43755792918542e-09
"17052348","TMEM178B","transmembrane protein 178B",-1.01370976894555,1.0910562133269,-2.10476598227245,8.12014652592089,189.635328101979,4.15632638957166e-09,1.11128084476649e-06
"17056426","PDE1C","phosphodiesterase 1C",-0.721576550425288,1.30623879106247,-2.02781534148776,8.70318088176261,184.637112878795,4.77860095455437e-09,1.23774998734464e-06
"17062230","TSPAN12","tetraspanin 12",-0.103543623499272,1.39941464380732,-1.50295826730659,7.65338956749268,205.212614662779,2.75026524342667e-09,8.28432424476448e-07
"17070169","LINC01111","long intergenic non-protein coding RNA 1111",-1.50285932441137,2.64867105650841,-4.15153038091978,7.82439203384128,160.068867131255,1.00554395532837e-08,2.23710581961997e-06
"17070492","ATP6V0D2","ATPase H+ transporting V0 subunit d2",-1.21961142810438,1.19189660705633,-2.41150803516071,6.28537944988626,82.3597406308599,3.03838027606208e-07,2.51402523551884e-05
"17072920","CCN4","cellular communication network factor 4",0.761505517123783,1.98197234655634,-1.22046682943255,8.89297742221707,483.905750204683,2.96537090305688e-11,3.79919776821323e-08
"17078558","PAG1","phosphoprotein membrane anchor with glycosphingolipid microdomains 1",-0.29423623130884,1.25394120993582,-1.54817744124466,9.13234738305128,175.791391157071,6.17373266516022e-09,1.51149326167989e-06
"17078592","FABP4","fatty acid binding protein 4",0.0784050686306497,1.10645404302704,-1.02804897439639,8.20658197980872,48.8549643185804,4.03011250003389e-06,0.000173560274629974
"17079353","GDF6","growth differentiation factor 6",0.0155821587315765,2.51386711249287,-2.4982849537613,7.33555217960765,426.311535702073,5.81205148336751e-11,5.5647279354235e-08
"17080082","ANGPT1","angiopoietin 1",-0.431136986280761,1.53539931134055,-1.96653629762131,8.43812018004989,197.525833179475,3.35852029839534e-09,9.53331945572489e-07
"17083261","SLC1A1","solute carrier family 1 member 1",0.0167981195915736,1.96702813396147,-1.9502300143699,7.80650310666493,136.748861317321,2.27484700983416e-08,3.74142552534596e-06
"17083370","PDCD1LG2","programmed cell death 1 ligand 2",-0.576224821191124,1.1774627763911,-1.75368759758222,11.3712420454395,291.020587455429,4.38297411904365e-10,2.00856344735695e-07
"17088442","LOC105376235","uncharacterized LOC105376235",-0.425678757589317,1.40432289991976,-1.83000165750908,5.56296607276164,71.1893300992684,6.31612393785835e-07,4.4210393887226e-05
"17088797","OR1J4","olfactory receptor family 1 subfamily J member 4",0.1161601068907,1.74596910397418,-1.62980899708348,5.03761519776297,49.8529558046194,3.65394087309687e-06,0.00016244072232807
"17095503","LOC440173","uncharacterized LOC440173",0.0443129067336061,2.4062937881278,-2.36198088139419,7.23813527153756,299.585715631947,3.76088219287297e-10,1.81664162644388e-07
"17096471","TBC1D2","TBC1 domain family member 2",-0.755863522777197,1.37363299495592,-2.12949651773312,10.6181908143811,374.48628460183,1.15552663143038e-10,8.15208834176354e-08
"17097000","PTPN3","protein tyrosine phosphatase non-receptor type 3",-0.203697620485374,1.2800078215238,-1.48370544200918,7.60175989694987,87.6363159490836,2.21999106475701e-07,2.05577307286834e-05
"17100888","LOC102723630","uncharacterized LOC102723630",-0.566602280033326,1.05410269186493,-1.62070497189825,8.2062854449288,25.7520399166858,7.95925975825836e-05,0.00174805928733493
"17101775","GRPR","gastrin releasing peptide receptor",-0.255071979360174,1.07745856321302,-1.3325305425732,9.96108975146224,73.1515568341896,5.51311278458127e-07,3.98378124219534e-05
"17108816","MXRA5","matrix remodeling associated 5",0.451680113756157,1.72946943997007,-1.27778932621392,8.98086110054342,489.80913255344,2.78030115405657e-11,3.72678517442627e-08
"17113448","IL13RA2","interleukin 13 receptor subunit alpha 2",-0.468595452851404,1.64479865015829,-2.11339410300969,6.49196831127347,70.3059360869853,6.72252497852065e-07,4.61760575820586e-05
"17119958","LOC101060632","uncharacterized LOC101060632",-1.42174143731868,1.24183953584444,-2.66358097316313,5.97665452074559,39.4221657226525,1.12525991755106e-05,0.000386998466961739
"17119972","LOC105369199","NBPF member 6 pseudogene",-0.0899205469097781,1.18235214151666,-1.27227268842644,5.24179565856453,18.725489803755,0.000314734001507709,0.00485614185865866
"17120122","SLC44A3-AS1","SLC44A3 antisense RNA 1",-0.181810888304382,1.30181446180908,-1.48362535011346,8.8771821710871,115.37529339077,5.46097025964774e-08,7.19729995851022e-06
"17120132","SLC44A3-AS1","SLC44A3 antisense RNA 1",0.0124473375097249,1.39233457216747,-1.37988723465774,7.24422017716007,40.759683871916,9.60718325293809e-06,0.000341357418471028
"17120162","LOC105379854","uncharacterized LOC105379854",-0.404646235706557,1.33626010134099,-1.74090633704755,7.1855387801795,49.2564566313024,3.87350037827785e-06,0.000168353372356328
"17120274","LOC101927345","putative ankyrin repeat domain-containing protein 20A12 pseudogene",-1.82904352904803,1.5687914714865,-3.39783500053453,9.23559083461598,308.176470309271,3.23937591043088e-10,1.62323007653806e-07
"17120304","SLC44A3-AS1","SLC44A3 antisense RNA 1",0.0750917210367463,1.3071288767692,-1.23203715573246,7.53980310832537,39.7067322757341,1.08761581110192e-05,0.000376953438551077
"17120618","LOC101929174","uncharacterized LOC101929174",-0.290289641362246,1.33213208688036,-1.6224217282426,6.34034551961226,45.9343910796419,5.42634868476834e-06,0.000219249839812527
"17120682","LOC101929174","uncharacterized LOC101929174",-0.261307787409717,1.43144886889775,-1.69275665630746,6.22995721736571,65.1973852564697,9.78641731741435e-07,6.00986427910706e-05
"17121258","WHAMMP2","WAS protein homolog associated with actin, golgi membranes and microtubules pseudogene 2",-1.16540421048094,1.70127303814485,-2.86667724862579,6.25174464120403,89.3436640641715,2.01327422212659e-07,1.92074241935518e-05
"17122134","LOC284344","uncharacterized LOC284344",-1.29855656807154,1.92764624179932,-3.22620280987086,8.0580611592144,156.100269659525,1.14567326647677e-08,2.43760172732877e-06
"17122226","LOC105371206","uncharacterized LOC105371206",-0.846146231877771,1.39871662739505,-2.24486285927282,9.29442036807307,39.5676379525553,1.10582623764742e-05,0.00038153851598418
